{"lr": 0.00977718671310168, "data_time": 0.0015607357025146484, "loss": 0.05365795958787203, "decode.loss_ce": 0.03825323404744267, "decode.acc_seg": 57.000732421875, "aux.loss_ce": 0.01540472535416484, "aux.acc_seg": 55.596923828125, "time": 0.36353583335876466, "memory": 1993, "step": 1000}
{"aAcc": 86.42, "mIoU": 36.74, "mAcc": 40.96, "data_time": 0.002004384994506836, "time": 1.5649801969528199, "step": 1000}
{"lr": 0.009553577983823325, "data_time": 0.002019166946411133, "loss": 0.05321373008191586, "decode.loss_ce": 0.037974278628826144, "decode.acc_seg": 89.703369140625, "aux.loss_ce": 0.015239451266825198, "aux.acc_seg": 87.5732421875, "time": 0.36658828258514403, "memory": 1993, "step": 2000}
{"aAcc": 86.32, "mIoU": 42.03, "mAcc": 47.64, "data_time": 0.0, "time": 0.5643445491790772, "step": 2000}
{"lr": 0.009329379964049745, "data_time": 0.0012083768844604493, "loss": 0.03806426171213388, "decode.loss_ce": 0.027066898811608554, "decode.acc_seg": 70.953369140625, "aux.loss_ce": 0.010997363040223718, "aux.acc_seg": 74.0478515625, "time": 0.36637771129608154, "memory": 1993, "step": 3000}
{"aAcc": 86.81, "mIoU": 48.41, "mAcc": 56.17, "data_time": 0.00022416114807128907, "time": 0.5755103349685669, "step": 3000}
